Type,Name,Request Count,Failure Count,Median Response Time,Average Response Time,Min Response Time,Max Response Time,Average Content Size,Requests/s,Failures/s,50%,66%,75%,80%,90%,95%,98%,99%,99.9%,99.99%,100%
GET,"{derv_sz: ""rnd_region""}",176,0,8,8.31714660902931,6.554191932082176,10.904567316174507,44601.767045454544,7.716364869055239,0.0,8,9,9,9,9,10,10,10,11,11,11
GET,"{derv_sz: ""tile""}",176,0,10,10.004664496095343,7.0648156106472015,17.039146274328232,61369.15909090909,7.716364869055239,0.0,10,11,11,11,12,12,12,15,17,17,17
GET,{derv_sz: 1024},88,0,40,47.2238317174329,27.38041989505291,92.90487505495548,216138.95454545456,3.8581824345276194,0.0,41,54,59,60,71,78,93,93,93,93,93
GET,{derv_sz: 128},440,0,5,4.785914592106234,3.9136745035648346,9.615972638130188,5731.590909090909,19.290912172638098,0.0,5,5,5,5,5,6,7,7,10,10,10
GET,{derv_sz: 4096},22,0,480.0,599.9601353806528,342.1710915863514,1147.6807054132223,3191419.6818181816,0.9645456086319049,0.0,500,740,810,860,890,950,1100,1100,1100,1100,1100
,Aggregated,902,0,7,25.149957144719668,3.9136745035648346,1147.6807054132223,122399.38359201774,39.5463699539081,0.0,7,9,10,10,34,59,380,540,1100,1100,1100
