Type,Name,Request Count,Failure Count,Median Response Time,Average Response Time,Min Response Time,Max Response Time,Average Content Size,Requests/s,Failures/s,50%,66%,75%,80%,90%,95%,98%,99%,99.9%,99.99%,100%
GET,"{derv_sz: ""rnd_region""}",716,0,190.0,638.5143190289343,18.2267464697361,13696.895614266396,47221.608938547484,1.198170345997058,0.0,190,250,420,660,1700,3100,5000,6100,14000,14000,14000
GET,"{derv_sz: ""tile""}",708,0,640.0,2086.763605651693,42.476591654121876,14210.717531852424,62709.46186440678,1.1847829678294932,0.0,650,2000,3100,3800,5800,7900,11000,12000,14000,14000,14000
GET,{derv_sz: 1024},363,0,3800.0,4162.799688428127,229.7855205833912,18096.00803628564,212962.23140495867,0.607452284353257,0.0,3800,5000,5600,6300,8700,10000,13000,15000,18000,18000,18000
GET,{derv_sz: 128},721,0,640.0,1616.4546393635637,7.238817401230335,12869.527649134398,5537.099861303745,1.2065374573517862,0.0,640,1400,2100,3300,4700,5700,8600,10000,13000,13000,13000
GET,{derv_sz: 4096},182,0,5500.0,5738.917972518971,1182.83502291888,17609.860283322632,3072957.0494505493,0.30456285331210137,0.0,5500,6700,7600,8300,9900,11000,13000,14000,18000,18000,18000
,Aggregated,2690,0,670.0,2102.4713896301514,7.238817401230335,18096.00803628564,267206.2055762082,4.501505908843695,0.0,680,1900,3300,4100,5900,8200,11000,12000,18000,18000,18000
