Type,Name,Request Count,Failure Count,Median Response Time,Average Response Time,Min Response Time,Max Response Time,Average Content Size,Requests/s,Failures/s,50%,66%,75%,80%,90%,95%,98%,99%,99.9%,99.99%,100%
GET,"{derv_sz: ""rnd_region""}",400,0,320.0,348.61594995018095,13.882506638765335,16031.654132530093,50857.5625,0.6675202131148117,0.0,320,360,390,420,460,510,600,640,16000,16000,16000
GET,"{derv_sz: ""tile""}",397,0,560.0,2972.837345364975,223.02916832268238,26802.06635594368,59971.45340050378,0.6625138115164506,0.0,560,710,2800,5000,11000,15000,22000,25000,27000,27000,27000
GET,{derv_sz: 1024},203,0,7100.0,10463.463914227383,165.15877842903137,40541.79122671485,232497.17733990148,0.3387665081557669,0.0,7100,13000,16000,19000,23000,29000,32000,34000,41000,41000,41000
GET,{derv_sz: 128},400,0,130.0,1473.4791212412529,5.349780432879925,29158.14568568021,6120.8425,0.6675202131148117,0.0,140,510,900,1200,3700,9000,15000,23000,29000,29000,29000
GET,{derv_sz: 4096},106,0,15000.0,16035.527840669636,1910.6039982289076,41732.07973130047,3681188.2358490564,0.1768928564754251,0.0,15000,20000,22000,24000,27000,30000,37000,39000,42000,42000,42000
,Aggregated,1506,0,480.0,3806.7088846517986,5.349780432879925,41732.07973130047,321383.07370517927,2.513213602377266,0.0,480,920,3500,5700,15000,21000,27000,30000,41000,42000,42000
