Type,Name,Request Count,Failure Count,Median Response Time,Average Response Time,Min Response Time,Max Response Time,Average Content Size,Requests/s,Failures/s,50%,66%,75%,80%,90%,95%,98%,99%,99.9%,99.99%,100%
GET,"{derv_sz: ""rnd_region""}",1544,0,17,18.664035817357938,8.1693699999974,71.6303809999772,12945.197538860104,2.5850774430398795,0.0,17,19,21,23,28,33,40,46,67,72,72
GET,"{derv_sz: ""tile""}",1544,0,18,23.55227612759213,8.20349600002146,229.7515489999853,13790.665803108808,2.5850774430398795,0.0,18,23,28,32,41,51,63,72,150,230,230
GET,{derv_sz: 1024},772,0,67,75.62235348834247,40.602530000001025,731.1511000000337,233335.70984455958,1.2925387215199398,0.0,67,76,82,85,93,100,130,300,730,730,730
GET,{derv_sz: 128},3860,0,12,12.144683620207454,5.123861000015495,34.61408400001176,6025.176165803109,6.462693607599699,0.0,12,13,14,14,16,19,22,24,30,35,35
GET,{derv_sz: 4096},193,0,1600.0,2205.9336787512984,784.6697420000055,6028.910354000004,3435047.1865284974,0.32313468037998494,0.0,1600,2600,3200,3600,4500,4800,5500,6000,6000,6000,6000
,Aggregated,7913,0,15,75.34261611386361,5.123861000015495,6028.910354000004,114701.96234045242,13.248521895579383,0.0,15,18,22,27,59,82,1100,1800,5200,6000,6000
