Type,Name,Request Count,Failure Count,Median Response Time,Average Response Time,Min Response Time,Max Response Time,Average Content Size,Requests/s,Failures/s,50%,66%,75%,80%,90%,95%,98%,99%,99.9%,99.99%,100%
GET,"{derv_sz: ""rnd_region""}",704,0,38,38.444087294033245,16.813135000006696,79.1793810000172,12766.335227272728,1.1749093601892664,0.0,38,42,45,46,51,55,60,64,79,79,79
GET,"{derv_sz: ""tile""}",700,0,46,47.07127140857047,16.954236000003675,128.53982599995106,13551.744285714285,1.1682337388245545,0.0,46,52,56,59,67,74,84,92,130,130,130
GET,{derv_sz: 1024},352,0,300.0,445.16866195170314,152.47245000000476,1585.9233700000175,205303.39772727274,0.5874546800946332,0.0,300,470,580,700,830,1100,1400,1500,1600,1600,1600
GET,{derv_sz: 128},1760,0,27,29.273863235227907,13.970068000048741,82.87879899998529,5490.25,2.937273400473166,0.0,27,32,35,37,42,49,52,56,69,83,83
GET,{derv_sz: 4096},88,0,3100.0,3753.597737000001,1516.8054480000137,15704.97948100001,3217507.647727273,0.1468636700236583,0.0,3100,3700,4200,4400,6500,7500,12000,16000,16000,16000,16000
,Aggregated,3604,0,36,166.08004900055465,13.970068000048741,15704.97948100001,106421.76193118758,6.014734849605278,0.0,36,43,49,54,240,570,2300,3400,7600,16000,16000
