Type,Name,Request Count,Failure Count,Median Response Time,Average Response Time,Min Response Time,Max Response Time,Average Content Size,Requests/s,Failures/s,50%,66%,75%,80%,90%,95%,98%,99%,99.9%,99.99%,100%
GET,"{derv_sz: ""rnd_region""}",504,0,45,45.601246305555286,15.94419699995342,95.2964709999975,12954.70634920635,0.8420001628580029,0.0,45,50,54,56,63,69,78,85,95,95,95
GET,"{derv_sz: ""tile""}",504,0,58,59.462342075397295,18.14715599999772,131.64759300002515,13771.674603174602,0.8420001628580029,0.0,58,67,73,76,89,97,110,120,130,130,130
GET,{derv_sz: 1024},252,0,270.0,413.0062035912727,148.89445600002205,1681.411636000007,246138.39682539683,0.42100008142900147,0.0,270,460,570,700,830,900,1100,1200,1700,1700,1700
GET,{derv_sz: 128},1260,0,21,22.167704544445144,10.8162239999956,42.2794950000025,6208.253968253968,2.1050004071450075,0.0,21,24,26,28,31,33,36,38,42,42,42
GET,{derv_sz: 4096},63,0,4900.0,6559.5961521428535,2153.3724129999996,23092.605030000017,3567485.0793650793,0.10525002035725037,0.0,4900,7200,9000,11000,13000,13000,18000,23000,23000,23000,23000
,Aggregated,2583,0,32,231.59716498645028,10.8162239999956,23092.605030000017,119268.6535036779,4.315250834647266,0.0,32,47,59,67,200,550,3100,5300,16000,23000,23000
