Type,Name,Request Count,Failure Count,Median Response Time,Average Response Time,Min Response Time,Max Response Time,Average Content Size,Requests/s,Failures/s,50%,66%,75%,80%,90%,95%,98%,99%,99.9%,99.99%,100%
GET,"{derv_sz: ""rnd_region""}",1480,0,16,16.22948735337727,5.677335000001449,116.15403199999719,28568.221621621622,2.4787980330117594,0.0,16,18,19,20,23,26,29,31,42,120,120
GET,"{derv_sz: ""tile""}",1480,0,9,9.154967845270315,4.249455000000069,26.468966000038563,13800.961486486487,2.4787980330117594,0.0,9,10,10,11,13,14,16,18,23,26,26
GET,{derv_sz: 1024},740,0,120.0,141.6069290702697,57.98319799998808,819.2806929999961,220910.28108108108,1.2393990165058797,0.0,120,150,180,190,230,290,340,390,820,820,820
GET,{derv_sz: 128},3700,0,11,12.084613979459776,4.600958000025912,148.02690900000925,21177.36216216216,6.196995082529398,0.0,11,13,14,15,17,20,27,33,43,150,150
GET,{derv_sz: 4096},185,0,1500.0,2210.5603857189208,863.4671219999746,6823.024650000036,3214645.9675675677,0.3098497541264699,0.0,1500,2500,3100,3600,4200,5600,6200,6300,6800,6800,6800
,Aggregated,7585,0,12,78.5794151994723,4.249455000000069,6823.024650000036,118555.8,12.703839919185265,0.0,12,15,17,19,87,170,1100,1600,5600,6800,6800
