Type,Name,Request Count,Failure Count,Median Response Time,Average Response Time,Min Response Time,Max Response Time,Average Content Size,Requests/s,Failures/s,50%,66%,75%,80%,90%,95%,98%,99%,99.9%,99.99%,100%
GET,"{derv_sz: ""tile""}",2008,1659,1.205808948725462,1107.2998737038133,1.205808948725462,120006.89112301916,8662.23406374502,3.401806469159018,2.810556241202595,1,2,2,2,2600,4000,5500,12000,115000,120000,120000
GET,{derv_sz: 1024},1600,1551,1.1839589569717646,517.3304110234312,1.1839589569717646,120010.96516801044,7361.9675,2.710602764270134,2.627590554614361,1,2,2,2,2,3,2900,5300,60000,120000,120000
GET,{derv_sz: 128},2805,2702,1.1721081100404263,518.7093185995491,1.1721081100404263,120011.50290411897,384.32014260249554,4.752025471111079,4.577530418161189,1,2,2,2,2,3,3300,5200,60000,120000,120000
GET,{derv_sz: 4096},804,793,2,1521.8412383483835,1.2127591762691736,120012.09334982559,50268.151741293535,1.3620778890457423,1.343442495041385,2,2,2,2,2,2,31000,60000,120000,120000,120000
,Aggregated,7217,6705,1.1721081100404263,793.9208533100433,1.1721081100404263,120012.09334982559,9791.676042677012,12.226512593585973,11.359119709019529,1,2,2,2,3,2300,4300,12000,120000,120000,120000
