Type,Name,Request Count,Failure Count,Median Response Time,Average Response Time,Min Response Time,Max Response Time,Average Content Size,Requests/s,Failures/s,50%,66%,75%,80%,90%,95%,98%,99%,99.9%,99.99%,100%
GET,"{derv_sz: ""rnd_region""}",546,477,2,2435.972602000876,1.320280134677887,120058.68321657181,7234.992673992674,0.9123822257691027,0.7970811752598205,2,2,2,2,4100,11000,45000,60000,120000,120000,120000
GET,"{derv_sz: ""tile""}",529,463,2,1889.5612651735742,1.305529847741127,120001.04310363531,8414.94706994329,0.8839747205711636,0.7736867592144588,2,2,2,2,3600,9600,38000,38000,120000,120000,120000
GET,{derv_sz: 1024},281,242,2,4116.729968459448,1.3252301141619682,120002.38828826696,33614.220640569394,0.46955935062475795,0.40438919164125064,2,2,2,2,6800,24000,60000,110000,120000,120000,120000
GET,{derv_sz: 128},554,480,2,2033.3456854446915,1.3132207095623016,89193.69331840426,957.9873646209386,0.9257504635093093,0.802094264412398,2,2,2,3,3600,11000,34000,53000,89000,89000,89000
GET,{derv_sz: 4096},141,119,2,7905.985696307311,1.3524200767278671,120011.52480673045,626230.5673758865,0.2356151901711419,0.19885253638557365,2,2,2,7600,32000,60000,60000,120000,120000,120000,120000
,Aggregated,2051,1781,2,2792.607295963966,1.305529847741127,120058.68321657181,52012.01560214529,3.4272819506454755,2.9761039269135017,2,2,2,2,4300,14000,45000,60000,120000,120000,120000
