Type,Name,Request Count,Failure Count,Median Response Time,Average Response Time,Min Response Time,Max Response Time,Average Content Size,Requests/s,Failures/s,50%,66%,75%,80%,90%,95%,98%,99%,99.9%,99.99%,100%
GET,"{derv_sz: ""rnd_region""}",252,90,1200.0,4028.4497521167236,1.4815712347626686,31778.12655083835,31710.35714285714,0.4237963236595028,0.15135582987839385,1200,2200,2900,4200,17000,22000,28000,29000,32000,32000,32000
GET,"{derv_sz: ""tile""}",251,81,1300.0,3914.0488887799393,1.4032898470759392,39887.67074700445,40041.25099601594,0.42211459221640957,0.13622024689055448,1300,1700,2200,4200,13000,23000,28000,32000,40000,40000,40000
GET,{derv_sz: 1024},140,46,5000.0,11300.187366582188,1.5326803550124168,95263.85753415525,144200.62142857144,0.23544240203305714,0.0773596463822902,5300,12000,18000,22000,27000,41000,50000,60000,95000,95000,95000
GET,{derv_sz: 128},268,92,1100.0,3292.981576014644,1.4247903600335121,24048.207506537437,3749.1977611940297,0.45070402674899507,0.1547192927645804,1100,2200,4300,5300,12000,16000,22000,23000,24000,24000,24000
GET,{derv_sz: 4096},70,22,16000.0,19054.342764629317,1.4383196830749512,97193.17547418177,2329530.2285714285,0.11772120101652857,0.03699809174805183,16000,23000,27000,32000,46000,60000,60000,97000,97000,97000,97000
,Aggregated,981,331,1400.0,5908.200709311582,1.4032898470759392,97193.17547418177,206219.52293577982,1.6497785456744931,0.5566531076638708,1400,2900,5600,10000,22000,25000,40000,46000,97000,97000,97000
