Type,Name,Request Count,Failure Count,Median Response Time,Average Response Time,Min Response Time,Max Response Time,Average Content Size,Requests/s,Failures/s,50%,66%,75%,80%,90%,95%,98%,99%,99.9%,99.99%,100%
GET,"{derv_sz: ""tile""}",200,200,2,1.6367362241726369,1.2074981350451708,6.703806109726429,166.0,0.338684546897196,0.338684546897196,2,2,2,2,2,2,4,7,7,7,7
GET,{derv_sz: 1024},943,800,2,2342.3695159561967,1.183629035949707,113502.72601586767,31551.705196182396,1.5968976386202791,1.354738187588784,2,2,2,2,9500,14000,18000,23000,114000,114000,114000
GET,{derv_sz: 128},580,400,2,3780.5763923213817,1.2400581035763025,45115.98529596813,1806.198275862069,0.9821851860018684,0.677369093794392,2,2,7900,9200,13000,15000,18000,23000,45000,45000,45000
GET,{derv_sz: 4096},538,493,2,2688.6729165183756,1.1842879466712475,120016.96742884815,263590.6152416357,0.9110614311534573,0.8348574081015881,2,2,2,2,6000,15000,59000,60000,120000,120000,120000
,Aggregated,2261,1893,2,2586.652869272364,1.183629035949707,120016.96742884815,76358.16187527643,3.828828802672801,3.2056492363819604,2,2,2,2,10000,14000,19000,45000,114000,120000,120000
