Type,Name,Request Count,Failure Count,Median Response Time,Average Response Time,Min Response Time,Max Response Time,Average Content Size,Requests/s,Failures/s,50%,66%,75%,80%,90%,95%,98%,99%,99.9%,99.99%,100%
GET,"{derv_sz: ""rnd_region""}",4576,0,8,8.293391759360821,5.781851708889008,18.28872039914131,49496.1444493007,7.644648055079026,0.0,8,8,9,9,9,10,11,11,13,18,18
GET,"{derv_sz: ""tile""}",4576,0,10,10.424877148141134,5.913132801651955,38.750024512410164,63641.20476398602,7.644648055079026,0.0,10,10,11,11,13,15,19,22,33,39,39
GET,{derv_sz: 1024},2288,0,30,40.21624830255116,20.899146795272827,108.81627909839153,235085.67132867133,3.822324027539513,0.0,30,48,55,57,61,73,91,100,110,110,110
GET,{derv_sz: 128},11440,0,4,3.8656546468879065,3.0715111643075943,8.738650009036064,6060.461538461538,19.111620137697564,0.0,4,4,4,4,4,5,6,7,8,8,9
GET,{derv_sz: 4096},572,0,440.0,652.8753418462364,310.0772462785244,1604.1177492588758,3445566.7937062937,0.9555810068848782,0.0,440,830,970,1000,1100,1300,1500,1600,1600,1600,1600
,Aggregated,23452,0,7,25.385355591566213,3.0715111643075943,1604.1177492588758,132005.30496332934,39.178821282280005,0.0,7,9,10,10,27,54,380,530,1300,1600,1600
