Type,Name,Request Count,Failure Count,Median Response Time,Average Response Time,Min Response Time,Max Response Time,Average Content Size,Requests/s,Failures/s,50%,66%,75%,80%,90%,95%,98%,99%,99.9%,99.99%,100%
GET,"{derv_sz: ""tile""}",2000,40,77,145.71541443583556,33.692689845338464,5378.208726877347,48872.048,3.338960933551507,0.06677921867103014,77,80,82,85,100,120,1900,2800,5100,5400,5400
GET,{derv_sz: 1024},1000,20,400.0,494.18891117349267,247.4234439432621,8446.511059999466,230436.92,1.6694804667757535,0.03338960933551507,400,440,470,500,560,610,700,4900,8400,8400,8400
GET,{derv_sz: 128},2000,40,29,30.931971478275955,1.8182739149779081,442.2181381378323,5944.52,3.338960933551507,0.06677921867103014,29,30,31,31,33,34,62,93,420,440,440
GET,{derv_sz: 4096},817,10,6100.0,6191.368829186794,486.1199529841542,11629.691295092925,3381628.2949816403,1.3639655413557905,0.016694804667757534,6100,6800,7200,7500,8500,9500,10000,11000,12000,12000,12000
,Aggregated,5817,110,77,1015.2711047700406,1.8182739149779081,11629.691295092925,533412.4760185663,9.711367875234558,0.18364285134533287,77,110,390,460,5300,6800,8000,9000,11000,12000,12000
