Type,Name,Request Count,Failure Count,Median Response Time,Average Response Time,Min Response Time,Max Response Time,Average Content Size,Requests/s,Failures/s,50%,66%,75%,80%,90%,95%,98%,99%,99.9%,99.99%,100%
GET,"{derv_sz: ""rnd_region""}",3090,0,88,355.67171804811863,5.8561526238918304,2965.0439536198974,48384.98705501618,5.1554323817862455,0.0,88,390,580,750,1000,1300,1600,1900,2600,3000,3000
GET,"{derv_sz: ""tile""}",3080,0,96,362.38031627870373,6.063884124159813,3291.0124510526657,62628.1737012987,5.138748134595999,0.0,96,390,570,750,990,1300,1700,2000,2700,3300,3300
GET,{derv_sz: 1024},1555,0,370.0,480.259098265907,22.082804702222347,2788.009025156498,206983.74340836014,2.5944004380833694,0.0,370,510,790,870,1200,1500,1800,2100,2700,2800,2800
GET,{derv_sz: 128},3098,0,96,345.39516837942773,3.543885424733162,2492.2674894332886,5610.129761136217,5.168779779538443,0.0,96,380,550,740,960,1200,1600,1800,2400,2500,2500
GET,{derv_sz: 4096},778,0,830.0,952.1072248133393,314.90124575793743,3298.402952030301,3201406.1272493573,1.2980344314011971,0.0,830,1100,1200,1400,1700,2000,2300,2500,3300,3300,3300
,Aggregated,11601,0,220.0,411.40707984267084,3.543885424733162,3298.402952030301,273453.86216705455,19.355395165405255,0.0,220,440,730,810,1100,1400,1700,2000,2700,3300,3300
