Type,Name,Request Count,Failure Count,Median Response Time,Average Response Time,Min Response Time,Max Response Time,Average Content Size,Requests/s,Failures/s,50%,66%,75%,80%,90%,95%,98%,99%,99.9%,99.99%,100%
GET,"{derv_sz: ""tile""}",2000,40,69,128.7715288657928,29.941331828013062,4700.925252167508,46849.1,3.3394301395808212,0.06678860279161643,69,71,72,73,77,83,1700,2100,4700,4700,4700
GET,{derv_sz: 1024},1000,20,440.0,526.2376824237872,240.00061699189246,5487.4568418599665,202739.82,1.6697150697904106,0.033394301395808214,440,480,510,530,600,650,1900,4100,5500,5500,5500
GET,{derv_sz: 128},2000,40,33,35.08617106906604,5.097172921523452,421.65352194570005,5471.06,3.3394301395808212,0.06678860279161643,33,34,34,35,36,38,51,160,410,420,420
GET,{derv_sz: 4096},935,13,5400.0,5408.930786975714,487.2528051491827,9416.931053157896,3160634.762566845,1.561183590254034,0.02170629590727534,5400,5900,6200,6400,7000,7400,7900,8300,9400,9400,9400
,Aggregated,5935,113,69,996.0073071804209,5.097172921523452,9416.931053157896,549717.547262005,9.909758939206087,0.18867780288631641,69,93,440,530,5000,6000,6800,7200,8700,9400,9400
