Type,Name,Request Count,Failure Count,Median Response Time,Average Response Time,Min Response Time,Max Response Time,Average Content Size,Requests/s,Failures/s,50%,66%,75%,80%,90%,95%,98%,99%,99.9%,99.99%,100%
GET,{derv_sz: 1024},272,200,2,6750.958772056038,1.5249301213771105,54237.800682894886,69599.32352941176,0.46047881789270206,0.33858736609757506,2,2,15000,19000,25000,33000,42000,52000,54000,54000,54000
GET,{derv_sz: 4096},322,191,2,12041.346926633298,1.4869698788970709,106593.1657529436,1430310.0062111802,0.5451256594170959,0.3233509346231842,2,18000,22000,25000,34000,47000,56000,60000,107000,107000,107000
,Aggregated,594,391,2,9618.812283459873,1.4869698788970709,106593.1657529436,807223.632996633,1.0056044773097979,0.6619383007207592,2,14000,20000,22000,31000,42000,52000,56000,107000,107000,107000
