Type,Name,Request Count,Failure Count,Median Response Time,Average Response Time,Min Response Time,Max Response Time,Average Content Size,Requests/s,Failures/s,50%,66%,75%,80%,90%,95%,98%,99%,99.9%,99.99%,100%
GET,"{derv_sz: ""rnd_region""}",2834,0,110.0,419.4413589138798,6.087165325880051,3643.277713097632,49695.740649258994,4.725284501180695,0.0,110,420,680,860,1200,1500,2000,2300,3600,3600,3600
GET,"{derv_sz: ""tile""}",2824,0,93,401.04238434645896,6.8350499495863914,3600.214841775596,63672.42067988669,4.708610949659239,0.0,93,400,530,830,1200,1500,2000,2300,3400,3600,3600
GET,{derv_sz: 1024},1429,0,350.0,516.4699681433005,21.073314361274242,3647.811586037278,232639.56473058084,2.3826505124160953,0.0,350,510,850,1000,1300,1600,2100,2300,3100,3600,3600
GET,{derv_sz: 128},2850,0,79,372.54844896920156,3.330693580210209,3590.270065702498,6068.930175438596,4.751962183615025,0.0,80,390,500,760,1100,1400,1900,2200,3100,3600,3600
GET,{derv_sz: 4096},715,0,940.0,1064.9388672484386,313.03190160542727,3983.74215234071,3512218.4909090907,1.1921589337841205,0.0,940,1200,1400,1600,2000,2300,2800,3300,4000,4000,4000
,Aggregated,10652,0,170.0,458.36185304900204,3.330693580210209,3983.74215234071,298687.8759857304,17.760667080655175,0.0,170,450,760,930,1300,1600,2000,2300,3600,3700,4000
