Type,Name,Request Count,Failure Count,Median Response Time,Average Response Time,Min Response Time,Max Response Time,Average Content Size,Requests/s,Failures/s,50%,66%,75%,80%,90%,95%,98%,99%,99.9%,99.99%,100%
GET,{derv_sz: 4096},289,0,20000.0,20276.13234308397,1889.1647669952363,37496.83375703171,3130845.2906574393,0.482649930182659,0.0,20000,22000,23000,24000,27000,32000,35000,36000,37000,37000,37000
,Aggregated,289,0,20000.0,20276.13234308397,1889.1647669952363,37496.83375703171,3130845.2906574393,0.482649930182659,0.0,20000,22000,23000,24000,27000,32000,35000,36000,37000,37000,37000
