Type,Name,Request Count,Failure Count,Median Response Time,Average Response Time,Min Response Time,Max Response Time,Average Content Size,Requests/s,Failures/s,50%,66%,75%,80%,90%,95%,98%,99%,99.9%,99.99%,100%
GET,"{derv_sz: ""rnd_region""}",312,0,44,45.34215138604244,8.31141322851181,97.18351252377033,50230.096153846156,0.5286053569330023,0.0,44,52,57,60,67,70,80,87,97,97,97
GET,"{derv_sz: ""tile""}",312,0,69,67.78422067276178,8.491854183375835,123.98363091051579,65609.45833333333,0.5286053569330023,0.0,69,78,84,88,96,100,110,110,120,120,120
GET,{derv_sz: 1024},156,0,180.0,307.11942904581053,96.36205062270164,948.1873670592904,239127.59615384616,0.26430267846650113,0.0,180,260,450,550,660,930,940,950,950,950,950
GET,{derv_sz: 128},312,0,7,9.061390507178238,5.229342728853226,20.75912244617939,6010.358974358975,0.5286053569330023,0.0,7,10,12,13,15,17,20,20,21,21,21
GET,{derv_sz: 4096},78,0,3900.0,4947.85762581831,1399.8583694919944,11719.822284765542,3370766.7435897435,0.13215133923325056,0.0,4100,6500,8300,8600,8700,11000,12000,12000,12000,12000,12000
,Aggregated,1170,0,51,403.38983561159074,5.229342728853226,11719.822284765542,289094.77264957264,1.9822700884987585,0.0,51,71,90,110,450,2100,7300,8600,12000,12000,12000
