Type,Name,Request Count,Failure Count,Median Response Time,Average Response Time,Min Response Time,Max Response Time,Average Content Size,Requests/s,Failures/s,50%,66%,75%,80%,90%,95%,98%,99%,99.9%,99.99%,100%
GET,"{derv_sz: ""rnd_region""}",3496,0,10,9.747163232232634,4.289735108613968,19.147319719195366,64789.8352402746,5.840838202165094,0.0,10,12,12,13,13,13,14,14,18,19,19
GET,"{derv_sz: ""tile""}",3496,0,8,8.006207752563656,3.7277881056070328,19.96173895895481,79023.60840961098,5.840838202165094,0.0,8,8,9,10,12,14,15,16,17,20,20
GET,{derv_sz: 1024},1748,0,42,59.0437659503598,24.167582392692566,158.13469886779785,220295.97254004577,2.920419101082547,0.0,42,66,71,96,110,140,150,150,160,160,160
GET,{derv_sz: 128},8740,0,3,3.6726037215109004,2.517096698284149,8.335612714290619,20911.034324942793,14.602095505412736,0.0,3,4,4,4,5,5,6,6,7,8,8
GET,{derv_sz: 4096},437,0,610.0,912.7422107268526,365.65326154232025,2562.786938622594,3218923.505720824,0.7301047752706368,0.0,610,1000,1200,1500,1700,2100,2500,2500,2600,2600,2600
,Aggregated,17917,0,5,33.277958947240975,2.517096698284149,2562.786938622594,138264.2836970475,29.93429578609611,0.0,5,8,10,12,33,70,440,720,2500,2500,2600
