Type,Name,Request Count,Failure Count,Median Response Time,Average Response Time,Min Response Time,Max Response Time,Average Content Size,Requests/s,Failures/s,50%,66%,75%,80%,90%,95%,98%,99%,99.9%,99.99%,100%
GET,"{derv_sz: ""tile""}",1997,0,87,244.95650296163376,24.886101949959993,8454.500144114718,66683.30495743615,3.3368660376482677,0.0,87,92,95,97,100,1500,2700,3800,8500,8500,8500
GET,{derv_sz: 1024},1000,0,530.0,689.0128265470266,292.0783259905875,11488.052525091916,218122.08,1.6709394279660832,0.0,530,630,690,750,840,930,1100,6900,11000,11000,11000
GET,{derv_sz: 128},2000,0,22,26.018025585799478,3.386742901057005,735.7856670860201,20902.26,3.3418788559321664,0.0,22,23,24,25,28,36,47,89,650,740,740
GET,{derv_sz: 4096},582,0,7600.0,8009.8374426777755,672.7985020261258,17940.463599050418,3206081.3745704466,0.9724867470762604,0.0,7600,8900,9800,11000,13000,14000,16000,17000,18000,18000,18000
,Aggregated,5579,0,85,1056.0947133485345,3.386742901057005,17940.463599050418,404917.1034235526,9.322171068622778,0.0,85,100,480,590,4500,7800,11000,13000,17000,18000,18000
