Type,Name,Request Count,Failure Count,Median Response Time,Average Response Time,Min Response Time,Max Response Time,Average Content Size,Requests/s,Failures/s,50%,66%,75%,80%,90%,95%,98%,99%,99.9%,99.99%,100%
GET,"{derv_sz: ""rnd_region""}",2150,0,170.0,587.0595325672523,4.514106549322605,5603.27532235533,65267.55209302325,3.5864658879303972,0.0,170,550,780,1100,1700,2300,2900,3500,5500,5600,5600
GET,"{derv_sz: ""tile""}",2138,0,140.0,529.6662111994893,3.751879557967186,5536.961231380701,78887.95509822264,3.5664484039047393,0.0,140,510,720,1000,1600,2100,2700,3100,4900,5500,5500
GET,{derv_sz: 1024},1083,0,410.0,685.9784730609475,24.36088863760233,5070.69684471935,220617.15327793168,1.8065779333156373,0.0,410,650,950,1200,1800,2500,3300,3500,5000,5100,5100
GET,{derv_sz: 128},2154,0,140.0,543.9338592324707,2.6319595053792,5602.149763144553,20898.570102135564,3.5931383826056167,0.0,140,510,710,980,1700,2200,2900,3400,5500,5600,5600
GET,{derv_sz: 4096},544,0,1200.0,1499.0464356977848,379.17051929980516,6089.241731911898,3132979.1084558824,0.9074592758298308,0.0,1200,1700,2000,2200,2900,3600,4400,5000,6100,6100,6100
,Aggregated,8069,0,330.0,635.1014790798666,2.6319595053792,6089.241731911898,284703.4597843599,13.460089883586221,0.0,330,600,920,1200,1800,2400,3000,3700,5500,6100,6100
