Type,Name,Request Count,Failure Count,Median Response Time,Average Response Time,Min Response Time,Max Response Time,Average Content Size,Requests/s,Failures/s,50%,66%,75%,80%,90%,95%,98%,99%,99.9%,99.99%,100%
GET,"{derv_sz: ""rnd_region""}",3120,0,11,11.255751002747088,5.262468010187149,22.050390020012856,64666.0641025641,5.212074881299686,0.0,11,12,13,13,15,16,17,18,19,22,22
GET,"{derv_sz: ""tile""}",3120,0,8,7.8891936009033365,4.237376153469086,17.87746138870716,79481.47211538462,5.212074881299686,0.0,8,8,9,9,10,11,12,13,15,18,18
GET,{derv_sz: 1024},1560,0,42,66.35028012455084,27.880923822522163,209.18257161974907,221529.55641025642,2.606037440649843,0.0,42,79,94,100,130,140,170,180,180,210,210
GET,{derv_sz: 128},7800,0,3,3.532581712620763,2.666885033249855,8.007358759641647,20916.61282051282,13.030187203249215,0.0,3,4,4,4,4,5,5,5,6,8,8
GET,{derv_sz: 4096},390,0,680.0,1040.3673937974067,409.4104487448931,3618.9877204596996,3238000.523076923,0.6515093601624607,0.0,680,1300,1600,1700,1900,2300,3200,3200,3600,3600,3600
,Aggregated,15990,0,6,37.30682208237143,2.666885033249855,3618.9877204596996,138917.83646028768,26.71188376666089,0.0,6,9,11,12,36,92,510,810,2500,3200,3600
