Type,Name,Request Count,Failure Count,Median Response Time,Average Response Time,Min Response Time,Max Response Time,Average Content Size,Requests/s,Failures/s,50%,66%,75%,80%,90%,95%,98%,99%,99.9%,99.99%,100%
GET,"{derv_sz: ""rnd_region""}",1869,0,93,549.4958895775343,6.3514672219753265,5312.884282320738,65079.672552166936,3.1255411631129744,0.0,93,500,680,990,1900,2500,3200,3800,5300,5300,5300
GET,"{derv_sz: ""tile""}",1866,0,180.0,669.2434061844689,4.499044269323349,5746.0188791155815,79248.04448017149,3.1205242431079774,0.0,180,630,960,1200,2000,2600,3500,4000,5700,5700,5700
GET,{derv_sz: 1024},946,0,570.0,964.0486007920579,28.14525179564953,9547.761985100806,223906.68393234673,1.5820021082423081,0.0,570,850,1400,1700,2600,3300,4300,5000,9500,9500,9500
GET,{derv_sz: 128},1879,0,130.0,627.2559831461147,2.9419921338558197,7712.958081625402,20831.57264502395,3.1422642297962966,0.0,130,590,800,1200,2000,2500,3600,4100,7600,7700,7700
GET,{derv_sz: 4096},473,0,1400.0,1822.067237974993,434.054565615952,9551.84879526496,3182079.065539112,0.7910010541211541,0.0,1400,2100,2500,2800,3400,4200,5300,5800,9600,9600,9600
,Aggregated,7033,0,220.0,743.3894192810519,2.9419921338558197,9551.84879526496,288012.5700270155,11.76133279838071,0.0,220,680,1100,1400,2200,2900,3800,4400,7200,9600,9600
