Type,Name,Request Count,Failure Count,Median Response Time,Average Response Time,Min Response Time,Max Response Time,Average Content Size,Requests/s,Failures/s,50%,66%,75%,80%,90%,95%,98%,99%,99.9%,99.99%,100%
GET,"{derv_sz: ""tile""}",1945,0,100.0,125.31617717891645,32.34633384272456,1803.944497834891,65507.2616966581,3.245397164989327,0.0,100,100,110,110,120,120,710,820,1800,1800,1800
GET,{derv_sz: 1024},1000,0,600.0,777.1130544696935,316.71618297696114,13675.139513099566,219039.34,1.6685846606628931,0.0,600,700,770,820,970,1100,1300,9700,14000,14000,14000
GET,{derv_sz: 128},2000,0,21,26.596339975716546,3.605324076488614,926.6124858986586,20916.98,3.3371693213257863,0.0,21,23,23,24,27,37,68,92,850,930,930
GET,{derv_sz: 4096},507,0,9000.0,9587.339144369544,568.2256070431322,21936.17150117643,3198654.319526627,0.8459724229560869,0.0,9000,11000,12000,12000,15000,16000,18000,19000,22000,22000,22000
,Aggregated,5452,0,97,1088.5595460802417,3.605324076488614,21936.17150117643,368672.53558327217,9.097123569934094,0.0,97,110,480,590,1100,8900,12000,14000,19000,22000,22000
