Type,Name,Request Count,Failure Count,Median Response Time,Average Response Time,Min Response Time,Max Response Time,Average Content Size,Requests/s,Failures/s,50%,66%,75%,80%,90%,95%,98%,99%,99.9%,99.99%,100%
GET,"{derv_sz: ""rnd_region""}",1240,0,17,17.64379206759904,7.224746004794724,80.19746199715883,13114.587903225807,2.069784447897904,0.0,17,19,21,22,25,29,33,36,62,80,80
GET,"{derv_sz: ""tile""}",1240,0,22,22.7573733548906,6.945961002202239,129.71610899694497,14144.107258064516,2.069784447897904,0.0,22,25,27,29,33,37,45,50,100,130,130
GET,{derv_sz: 1024},620,0,130.0,186.99252496615725,56.64837000222178,676.3539550011046,236175.5483870968,1.034892223948952,0.0,130,200,270,310,370,470,530,590,680,680,680
GET,{derv_sz: 128},3100,0,8,8.775679236198137,5.142949004948605,46.06387899548281,6099.741935483871,5.17446111974476,0.0,8,9,10,11,13,15,18,22,34,46,46
GET,{derv_sz: 4096},155,0,1800.0,2610.732148528698,863.7701629995718,9209.07042199542,3475832.412903226,0.258723055987238,0.0,1800,2900,3700,4600,5100,6400,6800,9100,9200,9200,9200
,Aggregated,6355,0,13,94.08354040237086,5.142949004948605,9209.07042199542,116112.17088906372,10.60764529547676,0.0,13,18,23,26,83,260,1200,2300,6500,9200,9200
