Type,Name,Request Count,Failure Count,Median Response Time,Average Response Time,Min Response Time,Max Response Time,Average Content Size,Requests/s,Failures/s,50%,66%,75%,80%,90%,95%,98%,99%,99.9%,99.99%,100%
GET,"{derv_sz: ""rnd_region""}",1728,0,14,14.412408789267088,8.488236999255605,41.19210300268605,12576.05787037037,2.8840399062286215,0.0,14,15,16,17,19,22,26,31,40,41,41
GET,"{derv_sz: ""tile""}",1728,0,17,17.75672021869923,8.289837001939304,63.44990800425876,13593.574652777777,2.8840399062286215,0.0,17,20,21,22,25,29,32,34,60,63,63
GET,{derv_sz: 1024},868,0,130.0,197.4143873409668,58.92991600558162,841.5327450056793,208245.12442396313,1.448695971415766,0.0,130,210,270,290,380,510,580,650,840,840,840
GET,{derv_sz: 128},4336,0,9,11.624490727848336,6.269047997193411,73.77272099984111,5604.575645756458,7.236803838777374,0.0,9,12,14,15,19,22,26,29,38,74,74
GET,{derv_sz: 4096},217,0,1200.0,1475.1587844195774,578.2136579946382,4651.710539001215,3247924.8894009218,0.3621739928539415,0.0,1200,1700,1800,1900,2400,2800,3900,4300,4700,4700,4700
,Aggregated,8877,0,14,67.30395304187506,6.269047997193411,4651.710539001215,107590.2933423454,14.815753615504324,0.0,14,17,19,22,99,250,880,1500,3300,4700,4700
