Type,Name,Request Count,Failure Count,Median Response Time,Average Response Time,Min Response Time,Max Response Time,Average Content Size,Requests/s,Failures/s,50%,66%,75%,80%,90%,95%,98%,99%,99.9%,99.99%,100%
GET,"{derv_sz: ""rnd_region""}",4986,0,7,7.016792227040874,5.08635400183266,74.3968919996405,13046.476333734456,8.321751611681721,0.0,7,7,7,7,8,9,11,19,35,74,74
GET,"{derv_sz: ""tile""}",4984,0,7,8.222916656107184,5.2497340002446435,162.87290399486665,13963.164727126807,8.318413564504954,0.0,7,8,8,8,9,11,21,28,79,160,160
GET,{derv_sz: 1024},2496,0,28,35.1562259671826,14.953814999898896,160.73644300195156,235202.38461538462,4.1658828766060125,0.0,28,35,39,42,57,88,100,110,130,160,160
GET,{derv_sz: 128},12480,0,5,5.240191462142973,3.9132020028773695,43.082862997835036,6058.016025641025,20.829414383030063,0.0,5,5,5,5,6,6,8,11,25,34,43
GET,{derv_sz: 4096},624,0,410.0,586.3391198124588,222.15489200607408,2805.2912239945726,3449819.2147435895,1.0414707191515031,0.0,420,760,830,870,1100,1200,1400,1600,2800,2800,2800
,Aggregated,25570,0,6,23.26913894730811,3.9132020028773695,2805.2912239945726,115369.51607352366,42.67693315497425,0.0,6,7,7,8,23,39,310,540,1300,1800,2800
