Type,Name,Request Count,Failure Count,Median Response Time,Average Response Time,Min Response Time,Max Response Time,Average Content Size,Requests/s,Failures/s,50%,66%,75%,80%,90%,95%,98%,99%,99.9%,99.99%,100%
GET,"{derv_sz: ""rnd_region""}",2864,0,8,9.522058203152717,3.937241999665275,85.0071230015601,28440.510824022345,4.777759233179423,0.0,8,9,9,10,13,23,34,44,73,85,85
GET,"{derv_sz: ""tile""}",2864,0,5,6.363555601973271,3.3185819993377663,45.25820299750194,13977.492667597766,4.777759233179423,0.0,5,6,6,8,10,13,21,25,42,45,45
GET,{derv_sz: 1024},1432,0,51,74.69552356000268,26.267821995134,235.64762599562528,223006.4189944134,2.3888796165897115,0.0,51,83,100,120,140,170,190,210,240,240,240
GET,{derv_sz: 128},7160,0,5,5.849948040073622,3.7714650025009178,37.00191100506345,20966.980446927373,11.944398082948556,0.0,5,6,6,6,7,8,11,16,26,37,37
GET,{derv_sz: 4096},358,0,730.0,1124.0327516202215,388.1604280031752,3349.9487599983695,3250213.2960893856,0.5972199041474279,0.0,730,1300,1600,1800,2100,2700,3100,3200,3300,3300,3300
,Aggregated,14678,0,6,40.65606627079796,3.3185819993377663,3349.9487599983695,119534.69777898896,24.486016070044542,0.0,6,7,8,10,40,100,520,940,2900,3300,3300
