Type,Name,Request Count,Failure Count,Median Response Time,Average Response Time,Min Response Time,Max Response Time,Average Content Size,Requests/s,Failures/s,50%,66%,75%,80%,90%,95%,98%,99%,99.9%,99.99%,100%
GET,"{derv_sz: ""rnd_region""}",3072,0,7,8.274195087880779,3.814935000264086,99.93701000348665,28359.950520833332,5.129380027477604,0.0,7,8,8,9,10,15,24,34,68,100,100
GET,"{derv_sz: ""tile""}",3072,0,5,5.4329120368639865,3.262619000452105,37.44559199549258,14117.796875,5.129380027477604,0.0,5,5,5,6,8,10,14,22,29,37,37
GET,{derv_sz: 1024},1536,0,44,68.35946046428394,24.913692999689374,248.27520600229036,221599.01822916666,2.564690013738802,0.0,44,79,96,110,130,150,180,190,240,250,250
GET,{derv_sz: 128},7680,0,5,5.223859960141415,3.5514299961505458,31.021649003378116,20974.747395833332,12.823450068694008,0.0,5,5,6,6,6,7,10,13,25,31,31
GET,{derv_sz: 4096},384,0,680.0,1064.89167958307,365.7816059931065,3508.527262994903,3234636.5911458335,0.6411725034347004,0.0,690,1300,1600,1800,2000,2400,3300,3300,3500,3500,3500
,Aggregated,15744,0,5,37.86496530831694,3.262619000452105,3508.527262994903,119032.91685721544,26.28807264082272,0.0,5,6,7,8,35,95,500,830,2600,3500,3500
